,Papel,Segmento,Cotação,FFO Yield,Dividend Yield,P/VP,Valor de Mercado,Liquidez,Qtd de imóveis,Preço do m2,Aluguel por m2,Cap Rate,Vacância Média
0,AAZQ11,Títulos e Val Mob,7.4,20.34,17.48,0.85,177876000,1255170,0,0.0,0.0,0.0,0.0
1,ABCP11,Shoppings,67.39,10.19,9.27,0.66,317345000,57464,1,4435.19,567.65,12.8,2.44
2,AEFI11,Outros,174.9,8.78,0.0,1.2,411893000,0,7,4312.36,390.35,9.05,0.0
3,AFCR11,,103.15,7.43,0.0,1.03,394422000,0,0,0.0,0.0,0.0,0.0
4,AFHI11,Títulos e Val Mob,97.56,9.72,11.47,1.02,389943000,1488130,0,0.0,0.0,0.0,0.0
5,AFOF11,Títulos e Val Mob,91.6,0.63,0.0,10.91,1390540000,0,0,0.0,0.0,0.0,0.0
6,AGCX11,Outros,1235.5,0.75,0.0,11.41,15425600000,0,50,198010.0,1975.52,1.0,0.43
7,AGRX11,Híbrido,9.53,14.1,16.86,0.95,170617000,300192,0,0.0,0.0,0.0,0.0
8,AIEC11,Lajes Corporativas,53.56,18.88,17.55,0.63,258426000,340353,2,10785.7,2098.55,19.46,0.0
9,AJFI11,Títulos e Val Mob,8.24,4.53,6.61,0.66,260598000,846599,0,0.0,0.0,3.65,0.0
10,ALMI11,Lajes Corporativas,630.0,4.9,0.99,0.29,70041500,24387,1,3900010.0,547722.35,14.04,54.5
11,ALZC11,Títulos e Val Mob,97.0,14.54,3.6,0.96,37772700,41561,0,0.0,0.0,0.0,0.0
12,ALZM11,Títulos e Val Mob,7.94,7.29,12.22,0.95,120533000,213655,0,0.0,0.0,0.0,0.0
13,ALZR11,Híbrido,108.49,7.62,8.33,1.02,1166220000,2255120,14,5300.86,410.01,7.73,0.0
14,ANCR11,Shoppings,78.15,384.04,1.23,0.02,52233600,45,5,213.88,1304.06,609.73,4.42
15,APTO11,Híbrido,9.64,10.7,10.83,0.95,44461900,23234,4,17812.7,1193.43,6.7,0.0
16,APXM11,Híbrido,99.99,7.09,5.75,1.04,175982000,111940,1,1735.14,119.17,6.87,10.49
17,ARCT11,Híbrido,87.13,13.47,0.0,0.86,323093000,0,12,1225.85,124.53,10.16,3.74
18,AROA11,Outros,1.02,5.56,4.05,1.03,173435000,5118,6,3769.26,244.92,6.5,0.0
19,ARRI11,Títulos e Val Mob,9.05,7.9,12.34,1.03,138776000,468947,0,0.0,0.0,0.0,0.0
20,ARXD11,Títulos e Val Mob,99.0,7.86,11.72,1.0,64834600,37570,0,0.0,0.0,0.0,0.0
21,ASMT11,Híbrido,37.02,7.12,0.0,0.41,40028100,11952,3,3448.91,751.73,21.8,0.0
22,ASRF11,Híbrido,10840.8,-0.19,0.0,1.11,31893600,103852,2,4295.15,0.0,0.0,0.0
23,ATSA11,Shoppings,55.79,-0.07,1.27,0.73,97696200,186,1,2868.74,13.19,0.46,17.12
24,AURB11,Logística,85.62,3.06,0.0,1.07,76640000,57,2,2247.02,129.15,5.75,50.82
25,BARI11,Títulos e Val Mob,82.15,9.93,10.11,0.89,380699000,772883,1,0.0,0.0,0.0,0.0
26,BBFI11,Lajes Corporativas,688.19,63.75,36.01,0.31,89464700,434324,3,891.88,705.29,79.08,46.5
27,BBFO11,Títulos e Val Mob,71.77,16.83,10.23,0.89,287360000,427085,0,0.0,0.0,0.0,0.0
28,BBGO11,Títulos e Val Mob,83.49,26.41,11.25,0.85,334391000,270966,0,0.0,0.0,0.0,0.0
29,BBIG11,Shoppings,9.5,0.0,1.66,0.98,941649000,500157,0,0.0,0.0,0.0,0.0
30,BBPO11,Lajes Corporativas,96.75,10.87,2.77,0.96,1540230000,0,62,3880.39,498.9,12.86,3.14
31,BBRC11,Outros,109.01,12.01,11.55,1.06,173326000,132484,20,10806.2,1498.23,13.86,0.0
32,BBVJ11,Lajes Corporativas,62.99,3.1,0.0,0.88,197789000,0,1,10021.3,630.9,6.3,49.67
33,BCFF11,Títulos e Val Mob,8.31,9.75,10.47,0.87,1674390000,2622880,0,0.0,0.0,0.0,0.0
34,BCIA11,Títulos e Val Mob,103.01,9.22,9.44,0.95,383098000,1014020,0,0.0,0.0,0.0,0.0
35,BCRI11,Títulos e Val Mob,66.03,8.05,12.74,0.75,413207000,590295,0,0.0,0.0,0.0,0.0
36,BICE11,Títulos e Val Mob,910.0,8.76,9.9,0.91,95415300,12405,0,0.0,0.0,0.0,0.0
37,BICR11,Títulos e Val Mob,58.05,19.77,27.5,1.3,29025000,899,0,0.0,0.0,0.0,0.0
38,BIME11,Híbrido,7.22,12.67,13.36,0.83,42205200,66866,3,303.32,0.0,0.0,0.0
39,BIPD11,Híbrido,988.17,-1.57,7.39,1.02,78456700,0,3,5417.49,0.0,0.0,0.0
40,BLCA11,Lajes Corporativas,100.0,-1.16,16.31,0.82,160000000,202693,1,37094.6,3093.36,8.34,0.0
41,BLCP11,Logística,91.0,5.41,0.0,0.81,208962000,0,2,3014.16,199.89,6.63,0.0
42,BLMC11,Títulos e Val Mob,85.75,11.1,7.04,0.91,34257100,0,0,0.0,0.0,0.0,0.0
43,BLMG11,Outros,38.66,17.57,15.34,0.48,165032000,627913,1,192.81,37.43,19.41,0.0
44,BLMO11,Lajes Corporativas,78.29,6.26,6.25,0.75,77884000,5335,1,9279.31,804.51,8.67,0.0
45,BLMR11,Títulos e Val Mob,6.78,10.17,4.12,0.84,173172000,0,0,0.0,0.0,0.0,0.0
46,BLUR11,Títulos e Val Mob,93.31,3.54,10.84,1.08,8397900,1303,0,0.0,0.0,0.0,0.0
47,BMLC11,Híbrido,99.5,10.2,10.52,1.0,99341300,22999,1,16348.0,1501.95,9.19,0.0
48,BNFS11,Outros,117.73,14.59,13.16,1.39,82411000,120507,18,7525.09,1311.04,17.42,0.22
49,BPFF11,Outros,70.24,15.34,10.01,0.91,315541000,451634,0,0.0,0.0,0.0,0.0
50,BPML11,Híbrido,92.32,-1.45,6.15,0.79,687022000,1239270,4,5475.62,844.54,15.42,6.97
51,BPRP11,Outros,108.52,10.33,10.36,0.86,146484000,2993,1,6295.22,684.18,10.87,0.0
52,BRCO11,Logística,112.4,6.87,9.05,0.94,1787740000,3574190,10,4157.56,375.46,9.03,0.0
53,BRCR11,Híbrido,49.63,1.71,10.52,0.55,1322050000,1797380,9,8855.01,1278.12,14.43,5.71
54,BREV11,Híbrido,105.0,6.59,1.64,0.0,101556000,0,13,0.0,1437.55,0.0,0.0
55,BRIM11,Residencial,1081.92,13.0,17.57,1.13,134306000,1685,0,0.0,0.0,0.0,0.0
56,BRIP11,Híbrido,970.0,-2.03,21.51,1.04,209011000,1707,1,0.0,0.0,0.0,0.0
57,BRLA11,Outros,159.0,7.76,8.14,1.0,564211000,36846,8,1669.48,134.99,8.09,0.0
58,BROF11,Híbrido,51.5,13.97,12.25,0.48,597957000,592566,2,6466.25,1055.77,16.33,4.15
59,BTAL11,Outros,76.63,10.25,10.41,0.71,458457000,684618,9,1371.67,172.25,12.56,0.0
60,BTCI11,Títulos e Val Mob,9.9,11.31,11.74,0.97,985260000,2250520,0,0.0,0.0,0.0,0.0
61,BTCR11,Títulos e Val Mob,88.0,12.48,0.0,0.92,423289000,0,0,0.0,0.0,0.0,0.0
62,BTHI11,Hotel,38.08,11.12,8.72,0.6,351041000,30866,12,677.47,88.01,12.99,0.0
63,BTLG11,Híbrido,102.0,4.29,8.57,1.02,4411410000,10610500,21,3323.97,213.45,6.42,2.43
64,BTML11,Híbrido,111.28,7.18,5.17,0.96,126321000,0,2,22340.2,3199.8,14.32,9.7
65,BTRA11,Outros,53.29,45.35,9.06,0.48,179297000,441955,6,1.99,0.26,12.81,30.27
66,BTSG11,Logística,159.08,10.21,6.62,1.1,123289000,150,1,6537.44,726.41,11.11,0.0
67,BTSI11,Híbrido,105.5,6.72,7.55,0.97,337619000,0,3,1112.35,122.8,11.04,0.0
68,BTWR11,Lajes Corporativas,125.0,5.41,5.55,1.11,101159000,17,1,5070.09,406.78,8.02,4.0
69,BTYU11,Híbrido,10.13,0.0,0.85,1.0,202600000,918680,0,0.0,0.0,0.0,0.0
70,BVAR11,Outros,1390.0,6.29,4.71,1.55,869501000,642,49,7885.39,551.35,6.99,27.5
71,CACR11,,103.2,7.42,14.91,1.03,394613000,1563660,0,0.0,0.0,0.0,0.0
72,CARE11,Híbrido,1.69,-8.8,0.0,0.21,60451200,11289,1,0.0,0.0,0.0,0.0
73,CBOP11,Lajes Corporativas,27.7,6.8,5.3,0.38,39195500,8002,1,2392.19,342.94,14.34,53.4
74,CCME11,Outros,12.4,5.25,8.81,1.16,840683000,39532,2,7999.93,401.89,5.02,6.15
75,CCRF11,Títulos e Val Mob,92.5,7.16,4.02,0.95,145401000,0,0,0.0,0.0,0.0,0.0
76,CEOC11,Lajes Corporativas,43.61,13.75,12.92,0.6,79182500,27622,1,4967.17,812.73,16.36,0.0
77,CFHI11,Outros,650.0,26.39,20.41,1.02,61490000,77,10,4747.82,0.0,0.0,0.0
78,CFII11,Híbrido,1000.0,-1.38,10.8,0.96,100634000,0,4,5611.87,107.75,1.92,0.0
79,CJCT11,Lajes Corporativas,64.0,3.05,2.56,0.89,200960000,11649,1,10182.0,630.9,6.2,49.67
80,CLIN11,Títulos e Val Mob,96.19,5.08,9.04,0.97,418115000,1414320,0,0.0,0.0,0.0,0.0
81,CNES11,Lajes Corporativas,1.48,6.13,6.01,0.19,50519500,128417,1,931.49,225.79,24.24,54.7
82,COPP11,Híbrido,103.0,4.12,0.72,0.91,223108000,0,3,4.82,0.19,3.89,31.0
83,CORM11,Híbrido,81.0,3.25,0.0,0.89,87581800,0,3,7546.25,751.73,9.96,0.0
84,CPFF11,Títulos e Val Mob,72.69,2.89,11.26,0.9,185583000,229518,0,0.0,0.0,0.0,0.0
85,CPOF11,Híbrido,108.0,3.93,4.05,0.96,233938000,603836,3,5.05,0.19,3.71,31.0
86,CPSH11,Shoppings,10.99,3.77,10.32,0.95,701999000,1668080,5,925.12,46.77,5.06,6.86
87,CPTR11,Títulos e Val Mob,8.13,15.78,14.73,0.83,336420000,1349670,0,0.0,0.0,0.0,0.0
88,CPTS11,Títulos e Val Mob,8.31,6.55,10.96,0.93,2641150000,8843830,0,0.0,0.0,0.0,0.0
89,CRAA11,Títulos e Val Mob,106.4,7.77,13.63,1.05,52650600,341679,0,0.0,0.0,0.0,0.0
90,CRFF11,Títulos e Val Mob,78.19,9.25,9.86,0.9,53954200,37517,0,0.0,0.0,0.0,0.0
91,CTXT11,Lajes Corporativas,8.54,-18.65,0.0,0.3,32438300,2492,1,688.65,10.31,1.5,98.86
92,CVBI11,Títulos e Val Mob,91.51,12.28,12.08,0.96,1007550000,3129870,0,0.0,0.0,0.0,0.0
93,CXAG11,Outros,75.58,11.77,10.57,0.65,158009000,135793,32,2738.94,357.61,13.06,0.0
94,CXCE11,Lajes Corporativas,40.4,12.86,11.76,0.63,69203200,27252,1,3276.31,462.11,14.1,0.0
95,CXCI11,Títulos e Val Mob,80.87,8.82,12.13,0.86,166408000,127431,0,0.0,0.0,0.0,0.0
96,CXCO11,Lajes Corporativas,74.34,12.41,11.07,0.73,291747000,143439,10,3149.08,407.48,12.94,0.0
97,CXRI11,Títulos e Val Mob,78.99,9.03,9.12,0.89,124469000,11150,0,0.0,0.0,0.0,0.0
98,CXTL11,Logística,225.94,10.48,9.72,0.57,12109700,3925,1,1740.91,333.84,19.18,0.0
99,DAMA11,Títulos e Val Mob,10.06,-0.02,1.47,1.03,32392600,168370,0,0.0,0.0,0.0,0.0
100,DAMT11,Híbrido,9.0,6.25,4.16,0.68,112597000,359,1,2149.64,93.21,4.34,10.58
101,DCRA11,Títulos e Val Mob,8.21,17.26,16.15,0.86,55326400,116793,0,0.0,0.0,0.0,0.0
102,DEVA11,Títulos e Val Mob,39.16,16.76,16.28,0.4,549999000,1295790,0,0.0,0.0,0.0,0.0
103,DMAC11,Residencial,13.0,-758.5,0.0,2.61,2029400,0,0,0.0,0.0,0.0,0.0
104,DOMC11,Híbrido,439.0,0.06,0.0,4.31,1072830000,0,2,25827.2,190.28,0.74,19.11
105,DOVL11,Lajes Corporativas,666.3,13.47,11.53,0.82,44246300,620,2,2475.03,636.27,25.71,0.0
106,DPRO11,Híbrido,7.0,8.96,10.3,0.76,35022500,882,1,2129.28,240.86,11.31,0.0
107,DRIT11,Lajes Corporativas,84.7,6.17,14.6,0.65,39239600,600,4,6401.22,678.49,10.6,9.44
108,DVFF11,Híbrido,7.42,2.78,12.08,0.82,81690500,41263,0,0.0,0.0,0.0,0.0
109,EDFO11,Lajes Corporativas,190.0,11.07,10.71,0.85,44840000,5019,1,126188.0,15278.5,12.11,0.0
110,EDGA11,Lajes Corporativas,19.1,5.98,4.85,0.3,72810200,21479,1,2893.34,291.83,10.09,28.13
111,EGAF11,Títulos e Val Mob,91.74,10.68,16.11,0.93,287322000,601174,0,0.0,0.0,0.0,0.0
112,ELDO11B,Shoppings,1104.31,9.7,10.11,0.68,869375000,0,1,11452.8,1329.95,11.61,0.64
113,EQIN11,Títulos e Val Mob,93.5,1.33,0.0,9.38,1428810000,0,0,0.0,0.0,0.0,0.0
114,EQIR11,Títulos e Val Mob,9.03,7.1,12.42,0.92,98511100,278423,0,0.0,0.0,0.0,0.0
115,ERCR11,Híbrido,76000.0,-0.08,0.0,2.41,180576000,0,0,0.0,0.0,0.0,0.0
116,ERPA11,Lajes Corporativas,134.49,6.48,7.0,0.95,67369000,9440,1,19914.4,1470.38,7.38,0.0
117,EURO11,Logística,244.4,9.42,8.78,0.72,93834000,44036,7,794.15,82.42,10.38,0.0
118,EVBI11,Híbrido,9.9,75.49,8.81,0.1,23893800,24593,6,663.03,652.01,98.34,1.28
119,EXES11,Títulos e Val Mob,9.84,10.68,9.22,1.07,57768000,3797,0,0.0,0.0,0.0,0.0
120,FAED11,Outros,152.01,11.31,12.07,0.69,105248000,52016,4,2279.86,275.89,12.1,0.0
121,FAMB11,Lajes Corporativas,570.0,-15.28,0.0,0.26,69846700,19160,1,1154.05,49.06,4.25,89.31
122,FATN11,Híbrido,92.2,5.96,11.24,0.89,283968000,920388,44,24720.8,1848.87,7.48,0.0
123,FCFL11,Outros,115.17,8.66,8.32,0.94,400102000,238058,1,12795.1,1190.28,9.3,0.0
124,FEXC11,Títulos e Val Mob,83.5,1.34,0.0,8.17,8310020000,0,0,0.0,0.0,0.0,0.0
125,FFCI11,Lajes Corporativas,182.03,2.38,0.0,0.89,671817000,0,9,16443.3,1097.8,6.68,3.61
126,FGAA11,Híbrido,8.44,14.19,15.92,0.88,380487000,1331290,0,0.0,0.0,0.0,0.0
127,FIGS11,Shoppings,55.17,9.8,9.12,0.68,157234000,118834,2,2429.08,248.56,10.23,6.49
128,FIIB11,Híbrido,513.02,8.35,8.01,1.09,351419000,271952,11,633.17,58.55,9.25,0.42
129,FIIP11B,Híbrido,172.33,10.3,9.52,0.84,159778000,80005,7,2267.73,258.68,11.41,0.0
130,FISC11,Lajes Corporativas,68.8,6.08,6.8,0.57,116960000,1451,4,9267.7,770.17,8.31,0.0
131,FISD11,Títulos e Val Mob,203.32,-21.06,0.0,2.72,218079000,0,1,0.0,0.0,0.0,0.0
132,FIXX11,Títulos e Val Mob,85.78,5.28,0.0,1.27,321608000,0,0,0.0,0.0,0.0,0.0
133,FLCR11,Títulos e Val Mob,97.25,14.48,13.51,1.02,61618000,130063,0,0.0,0.0,0.0,0.0
134,FLFL11,Híbrido,100.0,0.33,0.96,0.7,345426000,0,1,30800.6,1743.7,5.66,0.0
135,FLMA11,Híbrido,140.92,8.07,8.42,0.65,194564000,76115,2,16809.7,1786.28,10.63,0.0
136,FLRP11,Shoppings,2070.0,8.28,7.62,0.9,135030000,37188,1,2782.72,248.55,8.93,3.06
137,FMOF11,Lajes Corporativas,53.64,1.61,1.77,0.46,27249600,3612,2,1608.51,162.94,10.13,30.48
138,FPAB11,Lajes Corporativas,230.0,6.02,6.51,0.67,172500000,33599,2,4734.34,346.68,7.32,41.15
139,FPNG11,Lajes Corporativas,90.0,5.23,4.92,0.52,209636000,21,8,15711.1,1087.6,6.92,8.55
140,FRBR11,Títulos e Val Mob,103.71,6.8,0.0,1.06,1324330000,0,0,0.0,0.0,0.0,0.0
141,FTCE11,Híbrido,2856.05,-0.48,9.94,1.0,3119440000,481772,79,1613.0,44.22,2.74,3.79
142,FVBI11,Lajes Corporativas,159.71,0.0,0.0,0.0,0,0,1,0.0,636.95,0.0,0.0
143,FVPQ11,Shoppings,74.8,15.6,13.28,0.39,209451000,148216,1,3643.65,927.08,25.44,9.5
144,FZDA11,Outros,120.0,1.42,0.87,0.7,186000000,177469,6,2.14,0.05,2.21,0.0
145,FZDB11,Outros,114.0,-0.64,3.31,0.71,410400000,486,16,3.15,0.0,0.0,0.0
146,GALG11,Híbrido,9.08,5.16,6.2,0.96,1142860000,0,3,308.51,39.16,12.69,0.0
147,GAME11,Outros,9.06,7.11,12.74,0.93,196581000,164284,0,0.0,0.0,0.0,0.0
148,GARE11,Híbrido,9.04,5.19,4.67,0.95,1137830000,4934540,3,307.15,39.16,12.75,0.0
149,GCFF11,Títulos e Val Mob,69.3,12.04,0.0,0.89,24981100,0,0,0.0,0.0,0.0,0.0
150,GCOI11,Híbrido,98.99,-1.58,0.81,1.03,11185900,1773,5,5749.79,0.0,0.0,0.0
151,GCRA11,Títulos e Val Mob,58.91,24.96,19.0,0.66,103143000,268841,0,0.0,0.0,0.0,0.0
152,GCRI11,Títulos e Val Mob,71.94,11.63,14.69,0.77,104591000,172821,0,0.0,0.0,0.0,0.0
153,GESE11B,Outros,1520.0,11.39,154.72,1.36,79040000,0,1,0.0,725.37,0.0,0.0
154,GGRC11,Logística,11.06,8.67,10.3,0.99,1059580000,1393200,19,1061.66,107.81,10.16,0.0
155,GLOG11,Logística,63.03,17.81,10.36,0.58,47272500,48875,1,652.92,143.55,21.99,0.0
156,GRLV11,Logística,145.5,5.72,0.0,24.38,156199000,0,1,0.0,183.0,0.0,3.69
157,GRWA11,Títulos e Val Mob,10.0,7.76,15.04,0.98,27584900,17625,0,0.0,0.0,0.0,0.0
158,GSFI11,Shoppings,7.97,0.0,0.0,0.58,687885000,950252,0,0.0,0.0,0.0,0.0
159,GTLG11,Logística,63.99,13.75,0.87,0.7,459000000,0,5,2714.27,318.12,11.72,1.69
160,GTWR11,Lajes Corporativas,82.56,11.77,10.81,0.82,990720000,1493210,3,10946.3,1387.44,12.68,0.0
161,GURB11,Híbrido,108.0,7.39,3.8,0.93,122597000,0,2,21681.7,3199.8,14.76,9.7
162,GWIR11,Shoppings,175.99,2.8,0.0,0.74,67231200,0,0,0.0,0.0,4.21,0.0
163,GZIT11,Híbrido,55.71,-10.66,6.75,0.58,1216780000,862986,6,8500.38,904.76,10.64,18.04
164,HAAA11,Lajes Corporativas,34.21,12.02,8.55,0.43,118196000,8920,2,8763.21,1282.78,14.64,21.37
165,HABT11,Títulos e Val Mob,86.85,14.26,14.58,0.89,705811000,2107310,0,0.0,0.0,0.0,0.0
166,HBCR11,Outros,144.55,5.12,5.31,1.26,231280000,2711830,5,5146.56,224.27,4.36,0.0
167,HBRH11,Híbrido,90.8,6.94,3.79,0.78,251716000,0,5,8025.28,702.85,8.76,2.83
168,HBTT11,Títulos e Val Mob,1055.0,6.53,0.0,1.19,190126000,0,0,0.0,0.0,0.0,0.0
169,HCHG11,Outros,70.0,10.58,11.25,0.72,84000000,20916,0,0.0,0.0,0.0,0.0
170,HCRI11,Hospital,271.97,12.1,11.29,0.85,54394000,29297,1,9772.05,1257.25,12.87,0.0
171,HCTR11,Títulos e Val Mob,30.69,13.7,14.33,0.27,677764000,1115320,0,0.0,0.0,0.0,0.0
172,HDEL11,Logística,109.99,10.88,12.75,1.18,92391600,417,0,0.0,0.0,0.0,0.0
173,HFOF11,Títulos e Val Mob,70.35,10.41,10.18,0.9,1621170000,1553860,0,0.0,0.0,0.0,0.0
174,HGAG11,Outros,18.52,7.04,11.55,0.78,4597630,3635,0,0.0,0.0,0.0,0.0
175,HGBL11,Logística,10.35,0.04,6.12,1.01,24840000,146982,0,0.0,0.0,0.0,0.0
176,HGBS11,Shoppings,216.0,6.89,9.68,0.95,2749640000,4295690,14,5135.44,340.67,6.63,5.71
177,HGCR11,Títulos e Val Mob,103.83,11.41,10.87,1.03,1600860000,3456380,0,0.0,0.0,0.0,0.0
178,HGFF11,Títulos e Val Mob,85.0,8.7,9.33,0.93,243406000,672167,0,0.0,0.0,0.0,0.0
179,HGIC11,Títulos e Val Mob,97.0,11.95,12.11,0.83,44882500,28045,2,0.0,0.0,0.0,0.0
180,HGJH11,Lajes Corporativas,191.29,9.5,0.0,0.56,335342000,0,2,26299.5,2727.97,10.37,3.42
181,HGLG11,Logística,161.0,6.23,7.85,1.02,5439800000,8189540,25,3232.99,209.17,6.47,8.39
182,HGPO11,Lajes Corporativas,309.92,5.87,5.8,0.9,543307000,840373,2,42609.3,2727.97,6.4,3.42
183,HGRE11,Lajes Corporativas,114.08,6.37,8.79,0.74,1348170000,1842120,16,7135.56,677.26,9.49,26.34
184,HGRU11,Híbrido,128.0,7.61,8.96,1.02,2356030000,3428420,68,4564.56,421.38,9.23,0.97
185,HILG11,Outros,203.55,7.2,0.47,1.09,107119000,620,1,3247.69,282.86,8.71,0.0
186,HLOG11,Logística,82.46,8.64,7.81,0.71,350455000,182019,5,1614.73,192.74,11.94,13.37
187,HMOC11,Shoppings,226.95,2.17,0.0,0.95,86698800,0,0,0.0,0.0,3.27,0.0
188,HOFC11,Lajes Corporativas,29.5,7.13,4.34,0.42,111481000,119627,4,2623.57,508.53,19.38,46.73
189,HOSI11,Híbrido,95.13,9.06,8.22,1.03,54552300,62344,2,0.0,0.0,0.0,0.0
190,HPDP11,Shoppings,88.94,6.55,6.87,0.93,292435000,238237,1,2130.63,157.52,7.39,1.85
191,HRDF11,Híbrido,3.37,3.11,0.0,0.43,5113720,926,0,0.0,0.0,0.0,0.0
192,HREC11,Títulos e Val Mob,8.7,11.76,10.7,0.96,448639000,1120750,0,0.0,0.0,0.0,0.0
193,HRES11,Híbrido,117.01,3.09,11.33,0.85,54789000,13677,0,0.0,0.0,0.0,0.0
194,HSAF11,Títulos e Val Mob,85.0,12.2,11.36,0.94,214741000,663203,0,0.0,0.0,0.0,0.0
195,HSLG11,Logística,86.9,9.04,9.69,0.83,1100160000,668242,5,2599.44,269.09,10.35,0.0
196,HSML11,Shoppings,93.82,6.74,9.32,0.98,1915630000,4279790,7,9458.91,898.7,9.5,5.02
197,HSRE11,Híbrido,108.99,6.53,6.7,1.15,969872000,927172,27,7993.47,628.24,7.86,1.21
198,HTMX11,Hotel,179.2,4.92,14.35,1.31,269577000,889743,22,331024.0,28212.56,8.52,0.0
199,HUCG11,Hospital,82.2,2.95,1.62,0.79,92228400,3726,2,3048.5,0.0,0.0,0.0
200,HUSC11,Outros,110.38,9.73,10.01,0.71,93913600,4555,1,1263.31,148.96,11.79,0.0
201,HUSI11,Hospital,1051.0,9.52,8.89,0.88,122296000,1232,1,5989.43,606.68,10.13,0.0
202,IAAG11,Títulos e Val Mob,11.0,9.03,9.46,1.14,59936400,117711,0,0.0,0.0,0.0,0.0
203,IAGR11,Títulos e Val Mob,3.03,38.01,25.51,0.35,8445020,30887,0,0.0,0.0,0.0,0.0
204,IBCR11,Títulos e Val Mob,70.87,11.58,15.87,0.79,67923400,186590,0,0.0,0.0,0.0,0.0
205,IBFF11,Títulos e Val Mob,66.4,8.28,0.0,0.93,44267600,0,0,0.0,0.0,0.0,0.0
206,ICRI11,Títulos e Val Mob,96.36,2.62,4.31,0.96,371695000,585477,0,0.0,0.0,0.0,0.0
207,IDFI11,Híbrido,9.4,21.37,126.36,0.46,19344500,173132,3,4804.31,0.0,0.0,0.0
208,IDGR11,Híbrido,9.0,15.48,109.39,1.29,7950230,1729,2,13967.0,0.0,0.0,0.0
209,IFID11,Títulos e Val Mob,80.06,16.79,0.0,1.06,59897000,0,0,0.0,0.0,0.0,0.0
210,IFIE11,Títulos e Val Mob,71.98,15.08,0.0,0.85,64817600,0,0,0.0,0.0,0.0,0.0
211,IRDM11,Títulos e Val Mob,72.75,13.27,12.85,0.84,2650560000,4348620,0,0.0,0.0,0.0,0.0
212,IRIM11,Híbrido,74.49,14.13,13.78,0.83,143021000,90755,0,0.0,0.0,0.0,0.0
213,ISCJ11,Títulos e Val Mob,60.01,4.23,0.0,0.43,18841300,3620,0,0.0,0.0,0.0,0.0
214,ITIP11,Títulos e Val Mob,80.7,16.65,9.88,1.07,60375800,130869,0,0.0,0.0,0.0,0.0
215,ITIT11,Títulos e Val Mob,75.0,14.48,9.39,0.89,67537000,157502,0,0.0,0.0,0.0,0.0
216,ITRI11,Híbrido,95.27,0.29,2.12,0.96,595438000,1762250,0,0.0,0.0,0.0,0.0
217,JASC11,Híbrido,115.77,4.15,5.58,1.08,403961000,27,16,5707.09,317.63,5.57,2.76
218,JBFO11,Títulos e Val Mob,82.01,8.96,4.46,1.0,104897000,0,0,0.0,0.0,0.0,0.0
219,JCCJ11,Títulos e Val Mob,155.0,1.41,1.91,0.84,258618000,1713660,0,0.0,0.0,0.0,0.0
220,JFLL11,Residencial,74.2,14.48,9.51,0.71,111344000,65962,2,7530.79,1292.78,17.17,9.0
221,JGPX11,Híbrido,80.66,10.53,15.03,0.85,172713000,476662,0,0.0,0.0,0.0,0.0
222,JPPA11,Híbrido,81.86,16.69,14.3,0.84,74005500,167827,0,0.0,0.0,0.0,0.0
223,JPPC11,Híbrido,151.02,-5.07,0.0,0.38,8306100,4,0,0.0,0.0,0.0,0.0
224,JRDM11,Shoppings,85.9,7.97,0.0,0.96,216723000,0,1,7394.68,671.49,9.08,1.19
225,JSAF11,Títulos e Val Mob,94.69,5.09,11.65,0.96,324882000,2511420,0,0.0,0.0,0.0,0.0
226,JSRE11,Híbrido,63.2,7.9,8.49,0.58,1312500000,2435040,6,11164.5,1039.91,9.31,8.41
227,KCRE11,Títulos e Val Mob,9.58,117.66,10.57,0.1,34488000,410500,0,0.0,0.0,0.0,0.0
228,KEVE11,Residencial,1100.05,0.22,7.0,1.34,162478000,33192,1,0.0,0.0,0.0,0.0
229,KFOF11,Títulos e Val Mob,90.2,6.56,10.17,0.94,632714000,1873340,0,0.0,0.0,0.0,0.0
230,KINP11,Residencial,9.82,0.0,0.0,0.0,0,0,1,0.0,0.0,0.0,0.0
231,KISU11,Títulos e Val Mob,8.24,17.22,10.26,0.93,364175000,736429,0,0.0,0.0,0.0,0.0
232,KIVO11,Títulos e Val Mob,83.59,9.63,14.69,0.93,185798000,563097,0,0.0,0.0,0.0,0.0
233,KNCA11,Títulos e Val Mob,100.66,10.26,12.13,0.98,2174250000,3410500,0,0.0,0.0,0.0,0.0
234,KNCR11,Títulos e Val Mob,104.19,13.73,11.27,1.03,5948950000,11151000,0,0.0,0.0,0.0,0.0
235,KNHF11,Híbrido,97.22,5.15,9.98,0.97,1911660000,4120710,1,27180.3,3.24,0.01,0.0
236,KNHY11,Títulos e Val Mob,104.87,7.47,11.23,1.04,2954140000,4672330,0,0.0,0.0,0.0,0.0
237,KNIP11,Títulos e Val Mob,94.31,12.55,9.38,0.99,7552170000,8725680,0,0.0,0.0,0.0,0.0
238,KNRE11,Residencial,0.43,-24.17,0.0,0.55,7975280,2690,0,0.0,0.0,0.0,0.0
239,KNRI11,Híbrido,158.49,5.68,7.2,1.0,4470780000,4599600,19,5083.57,371.22,7.3,0.18
240,KNSC11,Títulos e Val Mob,9.17,9.34,9.84,1.03,1217390000,4188970,0,0.0,0.0,0.0,0.0
241,KNUQ11,Títulos e Val Mob,103.91,5.76,8.75,1.03,923646000,2020260,0,0.0,0.0,0.0,0.0
242,KOPA11,Títulos e Val Mob,1005.0,3.86,6.26,1.01,356450000,182599,0,0.0,0.0,0.0,0.0
243,KORE11,Títulos e Val Mob,103.87,4.36,7.55,1.03,999749000,1656700,4,15858.5,427.61,2.7,1.65
244,LASC11,Shoppings,110.49,3.46,6.44,0.88,324874000,386793,2,15472.3,1368.65,8.85,2.03
245,LATR11B,Residencial,9.51,-16.36,0.0,0.9,1180230,0,0,0.0,0.0,0.0,0.0
246,LFTT11,Residencial,22.0,-18.68,0.0,0.67,71830000,10239,128,5834.2,0.8,0.01,0.0
247,LGCP11,Logística,86.32,12.12,9.22,0.83,304687000,290470,7,2979.22,326.59,10.96,0.0
248,LIFE11,Outros,10.21,13.06,13.71,1.01,237570000,402045,0,0.0,0.0,0.0,0.0
249,LLAO11,Híbrido,77.37,-4.8,3.99,1.07,27941400,0,15,5697.75,0.0,0.0,0.0
250,LOFT11B,Residencial,29.9,-1.73,0.0,3.02,58678800,0,10,26424.0,41.84,0.16,0.0
251,LPLP11,Residencial,500.0,9.96,34.01,1.33,188608000,0,0,0.0,0.0,0.0,0.0
252,LSAG11,Títulos e Val Mob,80.9,26.71,17.26,0.83,81655100,126047,0,0.0,0.0,0.0,0.0
253,LSPA11,Outros,70.5,36.41,41.89,0.9,28517200,14049,0,0.0,0.0,0.0,0.0
254,LUGG11,Residencial,74.75,13.66,8.43,0.6,84520300,46339,5,3223.47,586.42,18.19,4.38
255,LVBI11,Logística,108.67,7.04,9.27,0.93,1751600000,4676280,9,2442.88,250.9,10.27,3.93
256,MALL11,Shoppings,109.35,16.59,8.96,0.91,1418590000,3114670,10,4185.37,473.96,11.32,3.64
257,MANA11,Títulos e Val Mob,9.47,7.03,12.33,0.99,202557000,689064,0,0.0,0.0,0.0,0.0
258,MATV11,Títulos e Val Mob,86.63,11.42,0.0,0.92,36901600,0,0,0.0,0.0,0.0,0.0
259,MAXR11,Híbrido,80.99,11.81,11.21,0.62,91166800,163777,8,1418.87,172.56,12.16,23.23
260,MBRF11,Outros,679.0,8.64,0.0,0.87,69029900,0,2,3613.71,339.92,9.41,82.78
261,MCCI11,Títulos e Val Mob,91.94,10.35,10.6,0.96,1559300000,3844440,0,0.0,0.0,0.0,0.0
262,MCHF11,Títulos e Val Mob,9.05,11.76,7.1,0.87,292806000,0,3,0.0,0.0,0.0,0.0
263,MCHY11,Títulos e Val Mob,9.55,4.08,14.3,0.98,1065770000,4503470,0,0.0,0.0,0.0,0.0
264,MFAI11,Híbrido,62.5,9.82,8.98,0.87,24324100,18565,0,0.0,0.0,0.0,0.0
265,MFCR11,Híbrido,25.5,35.16,13.46,0.92,2581360,1369,0,0.0,0.0,0.0,0.0
266,MFII11,Híbrido,100.53,8.21,12.65,0.92,524002000,585423,6,227.3,0.0,0.0,0.0
267,MGCR11,Títulos e Val Mob,9.4,11.11,2.22,0.96,126115000,0,0,0.0,0.0,0.0,0.0
268,MGFF11,Títulos e Val Mob,69.99,0.0,4.39,0.0,0,0,0,0.0,0.0,0.0,0.0
269,MGHT11,Híbrido,30.98,23.05,19.26,0.36,40701000,151145,1,3933.21,956.52,24.32,0.0
270,MGIM11,Híbrido,101.5,-2.38,0.0,1.03,25101000,0,0,0.0,0.0,0.0,0.0
271,MGLG11,Híbrido,40.99,3.04,0.0,0.79,103703000,0,1,3769.67,59.37,1.57,0.0
272,MINT11,Outros,95.0,10.81,4.72,0.68,49400000,132193,4,3510.51,432.24,12.31,0.0
273,MMPD11,Outros,110.61,9.89,12.23,0.99,58623300,0,0,0.0,0.0,0.0,0.0
274,MORC11,Títulos e Val Mob,89.87,12.37,8.14,0.92,171455000,0,0,0.0,0.0,0.0,0.0
275,MORE11,Títulos e Val Mob,76.21,6.04,4.06,0.88,176740000,0,0,0.0,0.0,0.0,0.0
276,MXRF11,Híbrido,10.14,8.97,11.69,1.04,3393410000,11074200,3,101318.0,0.0,0.0,0.0
277,NAVT11,Títulos e Val Mob,92.0,11.65,14.19,1.01,56329900,176378,0,0.0,0.0,0.0,0.0
278,NCHB11,Títulos e Val Mob,9.26,13.42,13.03,0.93,141506000,244230,0,0.0,0.0,0.0,0.0
279,NCRA11,Títulos e Val Mob,8.5,19.75,15.35,0.81,37909600,115252,0,0.0,0.0,0.0,0.0
280,NCRI11,Títulos e Val Mob,8.45,12.72,12.7,0.83,33377500,2097,0,0.0,0.0,0.0,0.0
281,NEWL11,Híbrido,119.98,21.82,9.36,0.72,243931000,560335,3,2689.73,484.45,18.01,0.0
282,NEWU11,Híbrido,73.99,1.9,2.89,1.03,54900600,11678,3,3915.94,432.43,11.04,47.02
283,NEXG11,Outros,109.5,0.64,4.93,1.14,20431100,67912,0,0.0,0.0,0.0,0.0
284,NPAR11,Outros,12.82,213.32,0.0,0.7,1533140,0,0,0.0,0.0,0.0,0.0
285,NSLU11,Hospital,180.39,10.84,9.84,0.88,233296000,86758,1,9518.26,1094.69,11.5,0.0
286,NVHO11,Hospital,11.05,14.29,8.66,0.72,458515000,2253,4,14852.2,2192.84,14.76,0.0
287,OCRE11,Títulos e Val Mob,100.0,7.52,12.2,1.0,38879100,18159,0,0.0,0.0,0.0,0.0
288,OGHY11,Títulos e Val Mob,8.72,7.32,7.21,0.92,23678100,0,0,0.0,0.0,0.0,0.0
289,OIAG11,Híbrido,7.82,16.34,16.69,0.8,70638100,205156,0,0.0,0.0,0.0,0.0
290,ONEF11,Lajes Corporativas,200.03,6.08,19.25,1.09,182227000,0,0,0.0,0.0,0.0,0.0
291,ORPD11,Títulos e Val Mob,93.0,0.0,0.0,0.64,26970000,0,0,0.0,0.0,0.0,0.0
292,OUCY11,Híbrido,88.5,11.6,0.0,0.96,95322200,0,8,3447.53,162.15,4.7,0.0
293,OUFF11,Títulos e Val Mob,61.41,13.87,12.38,0.85,111418000,270155,0,0.0,0.0,0.0,0.0
294,OUJP11,Híbrido,80.66,14.91,13.42,0.82,262337000,919028,0,0.0,0.0,0.0,0.0
295,OULG11,Logística,28.95,16.83,8.94,0.45,71833200,70294,2,963.01,210.44,21.85,0.0
296,OURE11,Híbrido,79.0,12.99,12.19,0.85,85089900,253066,8,3077.46,162.15,5.27,0.0
297,PATC11,Lajes Corporativas,35.09,6.98,13.89,0.85,122023000,225356,4,15675.7,1361.51,8.69,0.0
298,PATL11,Logística,60.93,12.12,11.05,0.62,304134000,542795,4,1959.41,291.15,14.86,0.0
299,PDDA11B,Logística,106.5,4.58,0.0,1.67,264257000,0,2,3542.69,210.44,5.94,0.0
300,PEMA11,Títulos e Val Mob,34.5,26.13,16.07,0.49,19044000,325,0,0.0,0.0,0.0,0.0
301,PLCA11,Títulos e Val Mob,76.76,22.12,14.58,0.81,42756800,116884,0,0.0,0.0,0.0,0.0
302,PLCR11,Títulos e Val Mob,86.37,20.47,11.02,0.94,182169000,278065,0,0.0,0.0,0.0,0.0
303,PLOG11,Logística,66.71,16.83,0.0,0.61,50032500,0,1,691.04,143.55,20.77,0.0
304,PLRI11,Títulos e Val Mob,11.51,-6.39,11.21,0.43,10984000,1131,0,0.0,0.0,0.0,0.0
305,PMFO11,Híbrido,100.0,0.37,8.39,1.06,79729500,0,0,0.0,0.0,0.0,0.0
306,PMIS11,Títulos e Val Mob,9.33,3.66,5.2,0.99,116625000,336470,0,0.0,0.0,0.0,0.0
307,PNCR11,Residencial,82.95,-0.15,13.92,1.09,41475000,0,1,32587.9,0.0,0.0,0.0
308,PNDL11,Títulos e Val Mob,1099.0,0.38,0.32,1.04,146007000,0,0,0.0,0.0,0.0,0.0
309,PNPR11,Híbrido,75.99,12.51,2.81,1.0,67580300,46560,2,1782.87,293.89,16.48,0.0
310,PNRC11,Híbrido,106.36,4.52,14.38,1.06,43618200,212,3,11048.0,0.0,0.0,0.0
311,PORD11,Títulos e Val Mob,8.95,12.28,12.16,0.93,333690000,500982,0,0.0,0.0,0.0,0.0
312,PQAG11,Logística,59.79,9.16,8.63,1.05,836575000,6728,1,13256.9,1163.59,8.78,0.0
313,PQDP11,Shoppings,1902.99,9.86,4.87,0.55,479179000,133745,1,1808.22,239.02,13.22,1.85
314,PRSN11,Residencial,1.1,-30.12,13.68,0.3,3554370,469,2,8878.64,0.0,0.0,0.0
315,PRSV11,Lajes Corporativas,62.64,-28.43,0.0,0.36,12214800,2982,1,1219.62,0.0,0.0,100.0
316,PURB11,Híbrido,95.1,8.4,0.0,0.82,107954000,0,2,19091.9,3199.8,16.76,9.7
317,PVBI11,Lajes Corporativas,93.21,4.81,8.35,0.91,2412530000,6636870,6,16603.7,1022.47,6.16,10.32
318,QAGR11,Outros,46.9,11.24,11.47,0.8,236376000,235047,12,1630.71,210.72,12.92,0.0
319,QAMI11,Títulos e Val Mob,84.68,24.53,2.89,0.91,67862400,0,0,0.0,0.0,0.0,0.0
320,QIFF11,Títulos e Val Mob,97.49,7.63,0.0,1.09,14623500,0,0,0.0,0.0,0.0,0.0
321,QIRI11,Títulos e Val Mob,78.04,9.53,0.0,0.87,11706000,0,0,0.0,0.0,0.0,0.0
322,QMFF11,Títulos e Val Mob,98.52,7.55,0.0,1.1,14778000,0,0,0.0,0.0,0.0,0.0
323,RBBV11,Títulos e Val Mob,100.0,6.51,0.0,0.99,125416000,0,0,0.0,0.0,0.0,0.0
324,RBCO11,Lajes Corporativas,44.0,12.33,8.39,0.49,166276000,144616,4,3812.31,614.84,16.13,0.0
325,RBDS11,Residencial,2.52,-58.71,0.0,0.12,318838,691,0,0.0,0.0,0.0,0.0
326,RBED11,Outros,137.51,11.17,11.35,0.94,323839000,207838,7,3390.47,390.35,11.51,0.0
327,RBFF11,Títulos e Val Mob,61.28,7.39,9.39,0.91,229752000,437629,0,0.0,0.0,0.0,0.0
328,RBGS11,Shoppings,28.45,3.3,0.0,0.31,30669100,0,1,1051.57,52.68,5.01,11.94
329,RBHG11,Títulos e Val Mob,86.91,8.11,11.68,0.97,188417000,346111,0,0.0,0.0,0.0,0.0
330,RBHY11,Títulos e Val Mob,91.21,11.8,13.04,0.98,172707000,154315,0,0.0,0.0,0.0,0.0
331,RBIR11,Residencial,83.5,2.94,3.66,0.86,127639000,143829,0,0.0,0.0,0.0,0.0
332,RBIV11,Títulos e Val Mob,83.7,8.43,0.0,0.94,181458000,0,0,0.0,0.0,0.0,0.0
333,RBLG11,Logística,100.0,11.23,11.62,0.96,64019900,363,1,347.55,35.68,10.27,0.0
334,RBOP11,Outros,352.0,16.66,14.41,0.45,35785700,25908,2,1873.38,339.92,18.14,82.78
335,RBRD11,Híbrido,37.9,9.85,10.47,0.56,70182700,32747,4,2540.77,358.58,14.11,27.96
336,RBRF11,Títulos e Val Mob,7.7,9.01,9.19,0.87,1053420000,3165000,0,0.0,0.0,0.0,0.0
337,RBRI11,Híbrido,1000.0,-1.43,0.0,0.85,139664000,231,0,0.0,0.0,0.0,0.0
338,RBRL11,Logística,77.36,9.93,10.78,0.76,517309000,564927,5,2304.08,274.43,11.91,0.0
339,RBRM11,Títulos e Val Mob,160000.0,-8.41,0.0,6.41,86240000,0,0,0.0,0.0,0.0,0.0
340,RBRP11,Outros,57.53,5.2,8.14,0.72,700669000,1335060,11,7865.35,507.95,6.46,0.0
341,RBRR11,Títulos e Val Mob,91.5,7.74,10.24,0.97,1377730000,3242380,0,0.0,0.0,0.0,0.0
342,RBRS11,Híbrido,44.05,7.96,5.37,0.48,76395900,24254,3,7221.98,707.6,9.8,80.76
343,RBRX11,Títulos e Val Mob,9.18,5.5,12.6,0.95,270522000,1214330,0,0.0,0.0,0.0,0.0
344,RBRY11,Títulos e Val Mob,96.02,7.34,13.34,0.98,1226130000,5106560,0,0.0,0.0,0.0,0.0
345,RBTS11,Outros,750.0,-2.02,17.96,0.98,42393800,6809,0,0.0,0.0,0.0,0.0
346,RBVA11,Outros,104.39,8.9,11.72,0.96,1303340000,1387500,50,16730.3,1975.52,11.81,0.43
347,RBVO11,Lajes Corporativas,21.25,1.45,26.58,2.36,10961300,286845,0,0.0,0.0,0.0,0.0
348,RCFF11,Títulos e Val Mob,99.0,1.49,1.35,0.96,31996800,115,0,0.0,0.0,0.0,0.0
349,RCRB11,Lajes Corporativas,139.98,3.1,7.71,0.68,516623000,653686,9,12644.8,1097.8,8.68,3.61
350,RCRI11B,Híbrido,1200.0,4.39,0.0,1.16,61214400,0,0,0.0,0.0,0.0,0.0
351,RDES11,Híbrido,58.0,2.42,0.0,0.81,43036000,0,3,3069.66,432.43,14.09,47.02
352,RDPD11,Títulos e Val Mob,22.96,2.07,0.0,2.1,172391000,0,0,0.0,0.0,0.0,0.0
353,RECR11,Títulos e Val Mob,85.05,12.13,11.85,0.9,2248860000,3121060,1,41933.7,0.0,0.0,100.02
354,RECT11,Híbrido,34.7,13.95,13.68,0.38,296459000,372932,9,3874.36,782.05,20.19,9.92
355,RECX11,Títulos e Val Mob,65.85,11.73,9.96,0.87,14375900,10641,0,0.0,0.0,0.0,0.0
356,REIT11,Títulos e Val Mob,155.01,5.33,10.31,0.54,4075370,4,0,0.0,0.0,0.0,0.0
357,RELG11,Híbrido,56.13,14.58,0.67,0.44,74909000,497807,5,1052.94,179.81,17.08,10.03
358,RFOF11,Títulos e Val Mob,73.18,9.46,11.36,0.93,78900000,143003,0,0.0,0.0,0.0,0.0
359,RINV11,Títulos e Val Mob,111.85,3.43,11.86,1.03,147712000,542204,0,0.0,0.0,0.0,0.0
360,RMAI11,Híbrido,71.78,0.36,5.8,0.71,175416000,16455,2,4222.95,190.28,4.51,19.11
361,RNDP11,Títulos e Val Mob,66.74,13.72,82.2,0.85,7173280,11679,0,0.0,0.0,0.0,0.0
362,RNGO11,Lajes Corporativas,46.46,10.24,9.31,0.56,124327000,83754,4,2163.41,292.1,13.5,14.63
363,ROOF11,Outros,727.2,-6.83,0.0,1.36,56354400,0,60,3008.12,18.25,0.61,0.0
364,RPRI11,Títulos e Val Mob,94.01,8.52,11.77,0.94,326377000,349539,0,0.0,0.0,0.0,0.0
365,RRCI11,Títulos e Val Mob,77.01,12.37,14.19,0.84,37100100,37195,0,0.0,0.0,0.0,0.0
366,RSPD11,Residencial,1096.89,-1.98,8.0,1.06,163449000,127,0,0.0,0.0,0.0,0.0
367,RURA11,Títulos e Val Mob,9.36,12.25,13.25,0.94,1498530000,3574770,0,0.0,0.0,0.0,0.0
368,RVBI11,Títulos e Val Mob,73.32,2.3,12.34,0.87,753437000,2188910,0,0.0,0.0,0.0,0.0
369,RZAG11,Títulos e Val Mob,8.3,23.74,15.35,0.87,564736000,1763020,0,0.0,0.0,0.0,0.0
370,RZAK11,Títulos e Val Mob,83.92,15.22,15.13,0.94,739158000,3145220,0,0.0,0.0,0.0,0.0
371,RZAT11,Híbrido,97.6,12.02,11.44,0.97,361917000,1185290,12,1373.15,124.53,9.07,3.74
372,RZDM11,Híbrido,550.16,19.74,0.0,4.15,88025600,0,4,61028.8,0.0,0.0,0.0
373,RZTR11,Híbrido,93.25,10.6,12.04,0.93,1757920000,4683550,17,2.15,0.31,14.5,24.4
374,SADI11,Títulos e Val Mob,89.78,14.94,12.07,0.94,139041000,241946,0,0.0,0.0,0.0,0.0
375,SAIC11B,Lajes Corporativas,34.0,-3.63,0.0,0.62,48611200,3,1,4359.46,19.64,0.45,100.0
376,SAPI11,Títulos e Val Mob,91.74,4.97,7.13,0.93,141618000,327667,0,0.0,0.0,0.0,0.0
377,SARE11,Híbrido,43.1,13.24,10.72,0.49,398000000,1079550,3,1961.35,269.91,13.76,0.0
378,SCPF11,Shoppings,2.82,8.09,6.27,0.24,11844000,5351,1,2486.17,689.82,27.75,34.91
379,SDIL11,Logística,96.5,7.33,0.0,0.96,746822000,0,6,1492.04,244.61,16.39,0.62
380,SDIP11,Lajes Corporativas,88.0,1.63,0.0,0.9,371533000,0,4,15600.3,1407.34,9.02,0.0
381,SEED11,Híbrido,97.61,11.03,10.35,1.05,160080000,0,0,0.0,0.0,0.0,0.0
382,SEQR11,Outros,52.0,15.12,15.35,0.56,86616100,85520,4,2054.96,354.61,17.26,0.0
383,SHDP11B,Shoppings,1210.05,7.66,7.39,0.84,1804560000,0,1,13714.0,1191.33,8.69,1.85
384,SHOP11,Híbrido,67.99,-6.57,0.0,1.55,100711000,173,1,3963.71,235.36,5.94,17.0
385,SHPH11,Shoppings,890.0,6.15,6.88,0.96,541966000,98238,1,15429.2,1198.65,7.77,4.35
386,SIGR11,Títulos e Val Mob,99.9,14.11,9.91,0.99,38902000,0,0,0.0,0.0,0.0,0.0
387,SJAU11,Logística,69.99,0.21,13.92,0.94,555178000,1087,0,0.0,0.0,0.0,0.0
388,SMRE11,Outros,100.0,0.0,2.14,1.02,44787000,651034,0,0.0,0.0,0.0,0.0
389,SNAG11,Híbrido,10.01,10.02,12.14,1.0,500500000,1986510,3,139.68,8.92,6.39,0.0
390,SNCI11,Títulos e Val Mob,95.59,11.57,11.43,0.97,401478000,498073,0,0.0,0.0,0.0,0.0
391,SNCR11,,97.8,7.83,0.0,0.98,373964000,0,0,0.0,0.0,0.0,0.0
392,SNEL11,Híbrido,9.31,18.28,7.42,0.09,11729500,563347,0,0.0,0.0,0.0,0.0
393,SNFF11,Títulos e Val Mob,87.3,8.07,10.38,0.95,247059000,527970,0,0.0,0.0,0.0,0.0
394,SNLG11,Híbrido,31.71,3.93,1.99,0.61,80225200,119463,1,2916.23,59.37,2.04,0.0
395,SNME11,Híbrido,9.7,5.07,6.65,1.0,71957000,83931,0,0.0,0.0,0.0,0.0
396,SOLR11,Híbrido,1051.35,2.72,0.0,1.13,67778400,0,1,7673.36,357.84,4.66,0.0
397,SPMO11,Híbrido,144.0,-0.12,0.0,0.96,260714000,0,0,0.0,0.0,0.0,0.0
398,SPTW11,Lajes Corporativas,40.7,17.32,12.59,0.71,73178600,79671,1,5129.78,1050.67,20.48,0.0
399,SPXS11,Híbrido,9.36,8.57,13.15,0.97,188969000,1458620,0,0.0,0.0,0.0,0.0
400,SRVD11,Títulos e Val Mob,3.0,-0.19,0.0,-294.12,288858000,0,0,0.0,0.0,0.0,0.0
401,STRX11,Híbrido,168.0,8.31,3.53,1.14,271078000,0,2,7193.21,629.78,8.76,8.69
402,TBOF11,Lajes Corporativas,101.5,-0.11,0.0,486.34,1020080000,0,1,0.0,0.0,0.0,15.37
403,TEPP11,Lajes Corporativas,91.25,1.57,9.96,0.93,385254000,1184010,4,16176.4,1407.34,8.7,0.0
404,TGAR11,Híbrido,119.39,10.71,12.78,1.02,2287590000,8080110,5,75.18,1.36,1.81,0.0
405,THRA11,Lajes Corporativas,138.5,2.96,0.0,14.52,203973000,0,0,0.0,0.0,0.0,0.0
406,TJKB11,Lajes Corporativas,283.0,10.49,11.03,1.05,214224000,6475,7,8430.68,925.13,10.97,0.0
407,TMPS11,Títulos e Val Mob,95.62,7.71,11.07,0.93,93608900,113927,0,0.0,0.0,0.0,0.0
408,TORD11,Híbrido,1.45,-0.4,0.0,0.11,50824500,92414,1,342.56,0.0,0.0,0.0
409,TOUR11,Residencial,8.8,0.0,0.0,0.0,0,0,3,0.0,0.0,0.0,0.0
410,TRBL11,Logística,97.41,7.26,9.22,0.96,753865000,978605,6,1506.11,244.61,16.24,0.62
411,TRNT11,Lajes Corporativas,109.98,5.38,3.07,0.55,432833000,12007,1,6838.27,604.02,8.83,38.57
412,TRXB11,Híbrido,148.49,6.77,8.62,1.32,476026000,1173400,15,1795.65,187.81,10.46,0.0
413,TRXF11,Híbrido,105.65,-3.02,10.48,1.0,2116760000,9152550,29,3173.82,364.64,11.49,0.0
414,TRXL11,Híbrido,103.38,4.23,0.0,1.03,4471100000,0,21,3368.94,213.45,6.34,2.43
415,TSER11,Lajes Corporativas,100.0,11.4,10.71,1.0,128488000,21,1,2732.76,240.41,8.8,0.0
416,TSNC11,Híbrido,0.01,-66005.76,147224.0,0.0,10868,0,1,5.33,990.63,18591.09,0.0
417,TVRI11,Lajes Corporativas,101.19,10.39,8.07,1.01,1610910000,1185830,62,4058.47,498.9,12.29,3.14
418,UBSR11,Títulos e Val Mob,102.5,10.07,0.0,1.09,2710270000,0,1,50537.3,0.0,0.0,100.02
419,URPR11,Outros,80.59,15.29,13.93,0.79,945635000,1640390,0,0.0,0.0,0.0,0.0
420,VCJR11,Títulos e Val Mob,90.69,13.72,10.75,0.95,1335320000,2302320,0,0.0,0.0,0.0,0.0
421,VCRA11,Títulos e Val Mob,71.5,19.91,16.88,0.68,328465000,858672,0,0.0,0.0,0.0,0.0
422,VCRI11,Títulos e Val Mob,8.72,11.26,11.67,0.91,154983000,238945,0,0.0,0.0,0.0,0.0
423,VCRR11,Logística,62.76,12.73,12.48,0.48,125520000,308693,4,2192.14,105.64,4.82,0.0
424,VERE11,Outros,445.76,6.95,5.41,0.91,279854000,114,4,1675.48,186.64,11.14,16.52
425,VGHF11,Híbrido,8.75,4.36,12.79,0.96,1441310000,4290880,0,0.0,0.0,0.0,0.0
426,VGIA11,Títulos e Val Mob,8.08,16.85,15.26,0.84,698557000,2596070,0,0.0,0.0,0.0,0.0
427,VGII11,Títulos e Val Mob,101.41,1.75,7.22,1.04,52618100,0,0,0.0,0.0,0.0,0.0
428,VGIP11,Títulos e Val Mob,90.82,11.0,10.24,0.99,1070520000,2006460,0,0.0,0.0,0.0,0.0
429,VGIR11,Títulos e Val Mob,9.99,13.59,12.77,1.03,1031170000,3959850,0,0.0,0.0,0.0,0.0
430,VGRI11,,9.3,-0.06,4.69,0.96,311442000,548252,5,5648.7,0.0,0.0,6.51
431,VIFI11,Títulos e Val Mob,8.01,9.93,10.26,0.88,64794400,103513,0,0.0,0.0,0.0,0.0
432,VILG11,Logística,91.26,8.11,8.03,0.8,1368660000,2466930,15,2392.52,234.72,9.81,8.92
433,VINO11,Lajes Corporativas,6.19,11.79,10.95,0.57,512695000,898584,10,7430.6,1189.69,16.01,4.08
434,VISC11,Shoppings,114.97,5.74,9.52,0.9,3314430000,8164860,25,3720.39,275.14,7.4,5.88
435,VIUR11,Outros,6.85,11.94,11.52,0.77,184582000,426326,8,2834.05,315.82,11.14,3.11
436,VLOL11,Lajes Corporativas,98.0,6.78,0.0,0.88,174913000,0,0,0.0,0.0,0.0,0.0
437,VOTS11,Títulos e Val Mob,81.73,16.89,11.72,0.88,67665300,6411,0,0.0,0.0,0.0,0.0
438,VPSI11,Shoppings,11.72,18.8,1.68,0.37,94602600,777,16,768.96,146.98,19.11,0.0
439,VRTA11,Títulos e Val Mob,88.01,11.13,10.19,0.96,1372290000,1917860,0,0.0,0.0,0.0,0.0
440,VRTM11,Títulos e Val Mob,10.72,3.41,5.79,1.13,127524000,14366,1,10214.8,0.0,0.0,0.0
441,VSEC11,Títulos e Val Mob,0.21,700.84,0.0,0.07,13174,0,0,0.0,0.0,0.0,0.0
442,VSHO11,Shoppings,73.45,10.62,10.47,0.71,154157000,74568,3,2023.03,420.48,20.78,7.84
443,VSLH11,Outros,3.28,12.13,13.63,0.31,97954200,209093,0,0.0,0.0,0.0,0.0
444,VTLT11,Logística,93.2,11.8,10.98,0.83,197118000,100926,1,765.54,102.41,13.38,0.0
445,VTPL11,Híbrido,72.1,-0.63,0.0,1.0,99948000,188,2,1174.16,0.0,0.0,0.0
446,VVCR11,Títulos e Val Mob,9.99,4.76,11.69,0.91,75008200,289619,0,0.0,0.0,0.0,0.0
447,VVMR11,Híbrido,89.57,7.04,6.34,0.77,248306000,505177,5,7916.57,702.85,8.88,2.83
448,VVPR11,Híbrido,101.5,8.99,0.0,1.04,234036000,0,6,5334.39,526.7,9.87,0.0
449,VVRI11,Híbrido,109.9,7.07,12.36,1.08,88214900,2922,2,5619.77,462.57,8.23,0.0
450,VXXV11,Outros,673.0,-1.1,35.5,0.84,180866000,1090480,0,0.0,0.0,0.0,0.0
451,WHGR11,Híbrido,9.77,9.47,11.59,1.01,294344000,559396,0,0.0,0.0,0.0,0.0
452,WPLZ11,Shoppings,61.5,8.31,7.69,0.69,65469800,4360,1,1746.42,158.61,9.08,15.85
453,WSEC11,Títulos e Val Mob,87.95,13.53,13.3,0.87,21605000,15167,0,0.0,0.0,0.0,0.0
454,WTSP11,Híbrido,42.0,8.87,9.28,0.52,41687700,1200,1,3399.92,293.35,8.63,4.35
455,XPCA11,Títulos e Val Mob,7.96,15.7,15.21,0.84,362364000,1456890,0,0.0,0.0,0.0,0.0
456,XPCI11,Títulos e Val Mob,87.87,11.75,12.51,0.98,764605000,2166510,0,0.0,0.0,0.0,0.0
457,XPCM11,Lajes Corporativas,8.31,-3.58,4.36,0.29,20065100,26231,1,980.87,9.62,0.98,81.0
458,XPHT11,Hotel,123.0,3.44,0.0,1.95,1133880000,0,12,2188.25,88.01,4.02,0.0
459,XPIN11,Outros,76.0,9.37,9.45,0.74,543432000,441066,97,1977.69,202.14,10.22,12.21
460,XPLG11,Logística,103.0,8.5,7.96,0.92,3050160000,5523370,19,2332.63,219.61,9.41,4.11
461,XPML11,Shoppings,113.69,5.01,8.85,1.03,6289350000,17012500,15,6202.65,448.85,7.24,0.23
462,XPPR11,Outros,17.5,4.87,5.67,0.27,128033000,220353,5,1730.31,356.09,20.58,43.71
463,XPSF11,Títulos e Val Mob,7.63,10.98,11.06,0.92,330395000,587306,0,0.0,0.0,0.0,0.0
464,XTED11,Lajes Corporativas,8.82,8.22,0.0,0.63,87318000,0,4,11.1,0.41,3.66,0.04
465,YCHY11,Híbrido,1000.0,1.17,0.0,9.89,3708170000,0,12,14069.2,124.53,0.89,3.74
466,YUFI11,Residencial,89.84,3.84,3.59,0.85,44259700,4,40,2194.43,240.6,10.96,0.0
467,ZAGH11,Híbrido,11.95,41.23,1.24,0.12,5551920,500,0,0.0,0.0,0.0,0.0
468,ZAVC11,Títulos e Val Mob,10.01,0.16,3.63,1.01,31004500,116378,0,0.0,0.0,0.0,0.0
469,ZAVI11,Híbrido,101.03,13.36,14.38,0.76,118541000,409789,11,1501.22,185.28,12.34,0.63
470,ZIFI11,Híbrido,687.21,-1.82,0.0,0.35,32632200,2833,0,0.0,0.0,0.0,0.0
